"DFG_year","timeid","var","nitrogen","appl","GLA50","S","TT59","TT55","TT61","GCD59","GCD61","GCD55","LAImax59","LAImaxTT59","LAImax61","LAImaxTT61","LAImax55","LAImaxTT55","TT87","LAD59","LAD61","LAD55","GCD87"
"DFG2019","Early","Apertus","176","Combined",2203.09039853041,119.61848423626,1759.96764086436,1658.67478916933,1781.2125,443.122757666047,421.877898530412,544.41560936108,4.93,1642.52916666667,6.77,1781.2125,4.93,1642.52916666667,2532.5,2185.84391216981,2857.82814247076,2685.21767052093,329.409601469588
"DFG2019","Early","Apertus","176","Split",2203.09166080366,250,1768.42526320132,1667.75131901354,1781.2125,434.666397602346,421.879160803663,535.340341790126,5.81,1642.52916666667,6.38,1781.2125,5.81,1642.52916666667,2532.5,2525.74865777242,2691.95898455973,3110.66427351884,329.408339196337
"DFG2019","Early","Apertus","220","Combined",2225.21502007073,109.940474847341,1780.15727370076,1679.62971046507,1781.2125,445.057746369967,444.002520070727,545.585309605656,5.77,1642.52916666667,6.49,1781.2125,5.77,1642.52916666667,2532.5,2569.73062833328,2883.54183745056,3149.77466816081,307.284979929273
"DFG2019","Early","Apertus","220","Split",2232.34647338651,83.1010313392107,1770.77314689414,1670.50155958031,1781.2125,461.573326492371,451.133973386508,561.844913806197,6.9,1642.52916666667,6.9,1642.52916666667,6.9,1642.52916666667,2532.5,3188.51959563035,3116.48805960555,3880.39354746586,300.153526613492
"DFG2019","Early","Capone","176","Combined",2226.77400677236,102.691656006589,1765.11383641273,1662.80515188986,1781.2125,461.660170359628,445.561506772359,563.968854882495,4.67,1479.59166666667,5.75,1781.2125,4.67,1479.59166666667,2532.5,2157.57503598858,2563.97582290873,2635.35659270043,305.725993227641
"DFG2019","Early","Capone","176","Split",2228.22968982524,96.7340897113029,1769.32558624084,1666.71079089994,1781.2125,458.904103584404,447.017189825245,561.518898925301,6.45,1642.52916666667,7.22,1781.2125,6.45,1642.52916666667,2532.5,2962.45750396766,3230.29170246405,3624.32293388843,304.270310174755
"DFG2019","Early","Capone","220","Combined",2252.5529288187,75.4263916738392,1770.9321709263,1668.76147125844,1781.2125,481.620757892403,471.340428818701,583.791457560263,5.92,1642.52916666667,6.77,1781.2125,5.92,1642.52916666667,2532.5,2855.02202968316,3195.35135202472,3459.87256970689,279.947071181299
"DFG2019","Early","Capone","220","Split",2272.08441927491,37.6119463773125,1765.79203159746,1663.69438190334,1781.2125,506.292387677457,490.871919274913,608.39003737157,7.75,1504.98333333333,7.75,1504.98333333333,7.75,1504.98333333333,2532.5,3935.30677970709,3815.80892590264,4726.53926169347,260.415580725087
"DFG2019","Early","Patras","176","Combined",2197.64321252659,250,1759.60401464174,1657.46987206449,1781.2125,438.039197884853,416.430712526594,540.173340462099,5.35,1312.0125,6.41,1781.2125,5.35,1312.0125,2532.5,2343.81915658085,2669.69162633356,2890.23681930644,334.856787473406
"DFG2019","Early","Patras","176","Split",2196.99185774253,250,1771.74829100072,1669.61209223903,1781.2125,425.243566741813,415.779357742531,527.379765503497,5.7,1379.96666666667,6.42,1781.2125,5.7,1379.96666666667,2532.5,2424.21792474085,2669.67470408752,3006.39425773539,335.508142257469
"DFG2019","Early","Patras","220","Combined",2213.57761354232,115.091631907141,1759.60401464174,1657.46987206449,1781.2125,453.973598900581,432.365113542322,556.107741477827,5.85,1642.52916666667,7.05,1781.2125,5.85,1642.52916666667,2532.5,2657.3537637555,3050.11214992474,3254.83849797694,318.922386457678
"DFG2019","Early","Patras","220","Split",2215.91481106956,119.427920321462,1766.00648430998,1663.17395947596,1781.2125,449.908326759582,434.702311069564,552.740851593603,6.46,1504.98333333333,6.95,1781.2125,6.46,1504.98333333333,2532.5,2908.05881375313,3022.95731719076,3572.35692417037,316.585188930436
"DFG2019","Early","Pionier","176","Combined",2217.36879144568,95.8110831489906,1777.34320342579,1676.26335662359,1781.2125,440.025588019891,436.156291445682,541.105434822092,5.03,1642.52916666667,5.56,1781.2125,5.03,1642.52916666667,2532.5,2215.32714778101,2427.23799171096,2723.75877714453,315.131208554318
"DFG2019","Early","Pionier","176","Split",2216.14273576167,104.7910229652,1780.65375001545,1680.37872474363,1781.2125,435.488985746221,434.930235761667,535.764011018042,6.84,1504.98333333333,7.11,1781.2125,6.84,1504.98333333333,2532.5,2981.01543025367,3094.71437958449,3666.89660312954,316.357264238333
"DFG2019","Early","Pionier","220","Combined",2260.38325518375,69.0748222185818,1769.67025570305,1667.37437702297,1781.2125,490.712999480703,479.170755183752,593.008878160779,7.12,1642.52916666667,7.37,1781.2125,7.12,1642.52916666667,2532.5,3499.32332670528,3537.1264899122,4227.669974677,272.116744816248
"DFG2019","Early","Pionier","220","Split",2251.55635030006,67.1416135214924,1778.00413349568,1677.93006320868,1781.2125,473.552216804377,470.343850300059,573.626287091382,7.32,1642.52916666667,7.69,1781.2125,7.32,1642.52916666667,2532.5,3472.313298822,3623.1540677068,4204.85546938336,280.943649699941
"DFG2019","Late","Apertus","176","Combined",2100.55117393116,111.24508365462,1661.35971275515,1564.48311042342,1667.01666666667,439.191461176007,433.534507264488,536.068063507736,5.06,1365.39583333333,5.6,1667.01666666667,5.06,1365.39583333333,2418.30416666667,2223.72167491504,2429.35690385176,2713.91728287179,317.752992735512
"DFG2019","Late","Apertus","176","Split",2099.37532500993,109.202878760119,1670.69565569729,1573.49926834542,1667.01666666667,428.679669312643,432.358658343262,525.87605666451,6.77,1667.01666666667,6.77,1667.01666666667,5.56,1528.33333333333,2418.30416666667,2904.12198580473,2929.02874154051,2925.4810776374,318.928841656738
"DFG2019","Late","Apertus","220","Combined",2121.01850959038,90.6462611702587,1666.15433569185,1569.21014116499,1667.01666666667,454.864173898535,454.001842923713,551.808368425394,6.48,1528.33333333333,7.13,1667.01666666667,6.48,1528.33333333333,2418.30416666667,2950.27052515777,3240.05973514761,3578.46890565316,297.285657076287
"DFG2019","Late","Apertus","220","Split",2121.01933109815,77.4985472682757,1658.47425591969,1560.08304075424,1667.01666666667,462.545075178466,454.002664431483,560.936290343911,7.19,1528.33333333333,7.27,1667.01666666667,7.19,1528.33333333333,2418.30416666667,3329.8678623997,3304.81452679395,4037.3006986478,297.284835568517
"DFG2019","Late","Capone","176","Combined",2128.40392602921,61.8468051868099,1670.93541476272,1573.62917447495,1667.01666666667,457.468511266487,461.38725936254,554.774751554256,5.24,1667.01666666667,5.24,1667.01666666667,4.49,1528.33333333333,2418.30416666667,2401.85531785836,2422.38955182805,2494.9832982596,289.90024063746
"DFG2019","Late","Capone","176","Split",2129.59028137959,76.5711348838018,1671.18009833185,1573.84380438386,1667.01666666667,458.410183047743,462.573614712923,555.746476995734,6.16,1667.01666666667,6.16,1667.01666666667,5.21,1528.33333333333,2418.30416666667,2827.47618799007,2853.12292684463,2898.5426975527,288.713885287077
"DFG2019","Late","Capone","220","Combined",2161.490800148,37.6720183759613,1674.76991398713,1577.7568845504,1667.01666666667,486.720886160871,494.474133481329,583.733915597595,6.64,1667.01666666667,6.64,1667.01666666667,5.53,1528.33333333333,2418.30416666667,3242.16415529953,3293.64255337062,3236.64347671451,256.813366518671
"DFG2019","Late","Capone","220","Split",2132.71094234406,69.5644027571846,1668.34438690329,1571.26321066762,1667.01666666667,464.366555440768,465.694275677391,561.447731676439,6.89,1667.01666666667,6.89,1667.01666666667,6.72,1528.33333333333,2418.30416666667,3204.44284646531,3213.59083854026,3777.7637175245,285.593224322609
"DFG2019","Late","Patras","176","Combined",2090.57322376506,250,1645.81948995753,1547.30789209496,1667.01666666667,444.753733807532,423.556557098387,543.265331670094,5.04,1390.7875,6.41,1667.01666666667,5.04,1390.7875,2418.30416666667,2241.83613287688,2715.35022656285,2738.3345860028,327.730942901613
"DFG2019","Late","Patras","176","Split",2089.45315044738,250,1662.13049818762,1564.38462623696,1667.01666666667,427.322652259767,422.436483780714,525.068524210424,5.82,1528.33333333333,7.36,1667.01666666667,5.82,1528.33333333333,2418.30416666667,2487.33789681564,3109.53727065606,3056.21887141977,328.851016219286
"DFG2019","Late","Patras","220","Combined",2108.11546057634,110.44952098944,1661.26463604036,1562.50702210325,1667.01666666667,446.850824535977,441.098793909667,545.608438473083,6.51,1528.33333333333,7.1,1667.01666666667,6.51,1528.33333333333,2418.30416666667,2910.84953529325,3133.81982995641,3553.76160198931,310.188706090333
"DFG2019","Late","Patras","220","Split",2113.85272749524,100.155971056082,1662.23126889012,1564.54366193404,1667.01666666667,451.621458605124,446.836060828573,549.309065561198,6.64,1365.39583333333,6.84,1667.01666666667,6.64,1365.39583333333,2418.30416666667,3001.06815651474,3058.72966176218,3649.71387333052,304.451439171427
"DFG2019","Late","Pionier","176","Combined",2128.16582132695,73.7534081415868,1673.13599396877,1576.17501035687,1667.01666666667,455.029827358183,461.149154660281,551.990810970076,6.61,1667.01666666667,6.61,1667.01666666667,5.69,1197.81666666667,2418.30416666667,3011.98429496198,3052.43304773021,3144.47511050863,290.138345339719
"DFG2019","Late","Pionier","176","Split",2129.50467204094,83.2925979901945,1678.36179131396,1581.0526044131,1667.01666666667,451.142880726979,462.488005374271,548.452067627846,6,1667.01666666667,6,1667.01666666667,5.89,1528.33333333333,2418.30416666667,2709.88282527317,2777.95357302972,3233.35275070447,288.799494625729
"DFG2019","Late","Pionier","220","Combined",2152.85152564974,61.8604065076937,1661.03284710655,1563.86493286681,1667.01666666667,491.818678543191,485.834858983073,588.986592782933,6.82,1365.39583333333,7.2,1667.01666666667,6.82,1365.39583333333,2418.30416666667,3360.3129197847,3504.46093582752,4022.9980759258,265.452641016926
"DFG2019","Late","Pionier","220","Split",2147.97905219194,55.3831367478606,1673.07213237157,1576.07668026255,1667.01666666667,474.906919820377,480.962385525273,571.902371929398,7.43,1667.01666666667,7.43,1667.01666666667,6.81,1390.7875,2418.30416666667,3536.65551704958,3581.64758739382,3902.07639828885,270.325114474726
"DFG2020","Early","Alves","176","Combined",2238.25995591316,18.0968508651224,1807.51148859641,1712.89516395766,1729.76527777778,430.748467316749,508.494678135383,525.364791955499,4.72,1789.5625,4.25,1707.575,4.25,1707.575,2436.80833333333,1964.34962192814,2094.46431767163,2165.54794838121,198.548377420171
"DFG2020","Early","Alves","176","Split",2230.29934735033,16.6912964744974,1810.76799454889,1717.32977880297,1729.76527777778,419.531352801441,500.534069572558,512.969568547365,5.65,1789.5625,5.5,1707.575,5.5,1707.575,2436.80833333333,2281.77870376345,2657.28682847889,2724.76795944457,206.508985982996
"DFG2020","Early","Alves","220","Combined",2323.55862219089,23.1365180345182,1798.20364651347,1703.49212519809,1707.575,525.354975677423,615.983622190889,620.066496992794,5.61,1594.80833333333,5.61,1594.80833333333,5.61,1594.80833333333,2436.80833333333,2810.62884204166,3318.26484696442,3341.15188660208,113.249711142441
"DFG2020","Early","Alves","220","Split",2316.06819893239,23.3168651978422,1799.27139111798,1704.15820046778,1707.575,516.796807814408,608.493198932387,611.909998464611,6.14,1707.575,6.14,1707.575,5.82,1594.80833333333,2436.80833333333,3038.10112410547,3600.21137253485,3432.44807214702,120.740134400943
"DFG2020","Early","Apertus","176","Combined",2323.07008893995,23.0639314334638,1827.59732649738,1733.99928278088,1774.14583333333,495.472762442566,548.924255606618,589.070806159068,3.38,1806.20833333333,3.1,1594.80833333333,3.1,1594.80833333333,2458.43888888889,1609.53606611395,1641.42742675288,1765.68898467008,135.368799948942
"DFG2020","Early","Apertus","176","Split",2315.66096016225,19.7108692332664,1812.86686884186,1717.9657673701,1762.64305555555,502.794091320391,553.017904606696,597.695192792149,5.94,1707.575,5.94,1707.575,5.94,1707.575,2467.02777777778,2850.85009631289,3147.34994510187,3411.77468007064,151.366817615527
"DFG2020","Early","Apertus","220","Combined",2392.86906896081,20.3262827979381,1834.48465202449,1733.19355181774,1774.14583333333,558.384416936322,618.72323562748,659.675517143072,5.56,1594.80833333333,5.56,1594.80833333333,5.56,1594.80833333333,2554.09027777778,2986.21539724682,3320.60281779321,3547.88354725354,161.221208816967
"DFG2020","Early","Apertus","220","Split",2383.38203355378,21.1094739883803,1825.49612190915,1724.18574417225,1774.14583333333,557.885911644633,609.236200220453,659.196289381529,6.39,1806.20833333333,5.89,1594.80833333333,5.89,1594.80833333333,2543.275,3439.75892346917,3472.24555683843,3766.07597623836,159.892966446213
"DFG2020","Early","Capone","176","Combined",2367.96250283359,27.4001708880649,1814.73334797331,1718.32080477195,1762.64305555555,553.229154860277,605.319447278035,649.641698061639,4.15,1578.55833333333,4.15,1578.55833333333,4.15,1578.55833333333,2477.84305555556,2218.65463702318,2434.72768324034,2618.62433560409,109.880552721968
"DFG2020","Early","Capone","176","Split",2365.38002236398,27.6996854432417,1815.19148797667,1714.53175590289,1774.14583333333,550.188534387306,591.234189030648,650.848266461086,5.21,1707.575,5.21,1707.575,5.21,1707.575,2527.46666666667,2820.08231660344,3033.82661364045,3344.34617579903,162.086644302692
"DFG2020","Early","Capone","220","Combined",2400,20.6865230255698,1834.44026413333,1728.60555619906,1774.14583333333,565.559735866669,625.85416666667,671.394443800935,6.13,1707.575,6.13,1707.575,6.13,1707.575,2592.63194444444,3376.37560232616,3744.95357016838,4023.69899914402,192.631944444443
"DFG2020","Early","Capone","220","Split",2400,25.5220652463387,1834.61366172928,1732.24296920438,1774.14583333333,565.386338270718,625.85416666667,667.757030795618,5.96,1707.575,5.96,1707.575,5.96,1707.575,2550.48055555556,3287.00059518386,3647.13339728588,3896.79070362405,150.480555555557
"DFG2020","Early","Esket","176","Combined",2298.31464278916,24.0281006715682,1827.19759469799,1733.31967424761,1774.14583333333,471.117048091168,524.168809455831,564.994968541549,4.54,1707.575,4.54,1707.575,4.54,1707.575,2447.62361111111,2073.67808292034,2313.83690455189,2498.90536169327,149.30896832195
"DFG2020","Early","Esket","176","Split",2281.69046118059,21.2505411877049,1826.26659667668,1731.19488812444,1774.14583333333,455.423864503913,507.544627847261,550.495573056155,5.67,1707.575,5.67,1707.575,5.67,1707.575,2469.25416666667,2515.04474055245,2808.63420105879,3051.26410585604,187.563705486079
"DFG2020","Early","Esket","220","Combined",2387.97884119431,28.7112845809806,1821.48387025157,1725.61276268373,1774.14583333333,566.494970942744,613.833007860982,662.366078510583,5.41,1806.20833333333,5.24,1594.80833333333,5.24,1594.80833333333,2477.84305555556,2946.47663594799,3101.86673573803,3356.14538031815,89.8642143612442
"DFG2020","Early","Esket","220","Split",2344.98620132753,25.0521122304952,1815.74941136366,1719.64366575076,1751.95555555555,529.236789963872,593.030645771976,625.342535576766,6.61,1806.20833333333,6.41,1594.80833333333,6.41,1594.80833333333,2467.02777777778,3371.62124430531,3678.07818220841,3885.08598510357,122.041576450247
"DFG2020","Early","Patras","176","Combined",2222.86343958572,19.3234682089333,1803.89846921398,1710.13403752633,1729.76527777778,418.964970371737,493.098161807942,512.729402059386,4.81,1789.5625,3.57,1394.14166666667,3.57,1394.14166666667,2436.80833333333,1969.6504191371,1723.36435832922,1792.95719378126,213.944893747612
"DFG2020","Early","Patras","176","Split",2241.19616987907,17.8032301057642,1794.78629513827,1700.68888321829,1707.575,446.409874740807,533.621169879073,540.507286660785,5.44,1707.575,5.44,1707.575,4.77,1578.55833333333,2436.80833333333,2340.9723195331,2809.43086899014,2496.01480362704,195.612163454257
"DFG2020","Early","Patras","220","Combined",2359.80839401756,23.0707615970291,1812.8448879289,1716.09896396359,1729.76527777778,546.96350608866,630.043116239781,643.709430053969,6.45,1594.80833333333,6.45,1594.80833333333,6.45,1594.80833333333,2477.84305555556,3372.1036713684,3907.21865406599,3995.30417401849,118.034661537999
"DFG2020","Early","Patras","220","Split",2338.15661097838,24.3133607228484,1796.12763766331,1698.14972164707,1707.575,542.028973315065,630.581610978375,640.006889331308,7.27,1789.5625,6.79,1594.80833333333,6.79,1594.80833333333,2467.02777777778,3803.63046950154,4153.19877992481,4217.16768054496,128.871166799402
"DFG2020","Early","Pionier","176","Combined",2372.54363187817,29.3922289449492,1843.25841706625,1747.50736377166,1795.52083333333,529.285214811917,577.022798544836,625.036268106505,4.4,1578.55833333333,4.4,1578.55833333333,4.4,1578.55833333333,2488.65833333334,2264.07908223767,2474.03657397058,2685.25540353535,116.11470145517
"DFG2020","Early","Pionier","176","Split",2371.98745379774,32.0622828264995,1829.50752546308,1733.73646283386,1784.83333333333,542.479928334665,587.154120464411,638.250990963878,6.43,1789.5625,6.05,1707.575,6.05,1707.575,2477.84305555556,3399.38975585955,3468.72629775874,3777.84027034148,105.855601757816
"DFG2020","Early","Pionier","220","Combined",2400,24.7746442378827,1850.92292846727,1750.93922750255,1784.83333333333,549.077071532733,615.16666666667,649.060772497451,6.53,1594.80833333333,6.53,1594.80833333333,6.53,1594.80833333333,2550.48055555556,3487.75771778757,3918.86615045034,4140.07992238411,150.480555555557
"DFG2020","Early","Pionier","220","Split",2400,24.7886154873291,1837.02419170966,1735.29666191501,1784.83333333333,562.975808290341,615.16666666667,664.703338084988,7.25,1806.20833333333,6.68,1578.55833333333,6.68,1578.55833333333,2550.48055555556,3973.09423849735,4009.03149410111,4339.78182310934,150.480555555557
"DFG2020","Early","Potenzial","176","Combined",2309.4910817694,21.7542053720226,1805.67340859556,1710.50929701752,1707.575,503.817673173844,601.916081769405,598.98178475189,5.04,1707.575,5.04,1707.575,5.04,1707.575,2447.62361111111,2433.3019415454,2926.36069560457,2911.59295803715,138.132529341705
"DFG2020","Early","Potenzial","176","Split",2302.48003246558,18.925723005508,1811.92254651692,1715.53371915539,1729.76527777778,490.557485948663,572.714754687806,586.946313310191,5.51,1707.575,5.51,1707.575,5.51,1707.575,2467.02777777778,2584.43745655472,3033.90453003812,3111.99800783888,164.547745312194
"DFG2020","Early","Potenzial","220","Combined",2400,23.2580852263222,1822.35327481146,1725.75449759627,1751.95555555555,577.646725188539,648.044444444447,674.245502403734,6.13,1722.13333333333,6.13,1722.13333333333,6.13,1722.13333333333,2467.02777777778,3297.5803898817,3728.64986336947,3889.17265967216,67.0277777777769
"DFG2020","Early","Potenzial","220","Split",2376.25208917341,26.1438761984339,1807.86894180253,1707.94947055496,1707.575,568.383147370885,668.67708917341,668.302618618452,5.99,1594.80833333333,5.99,1594.80833333333,5.99,1594.80833333333,2488.65833333334,3283.8850402884,3884.3985430823,3882.15586259645,112.406244159926
"DFG2020","Early","Torrild","176","Combined",2264.37691110939,21.7453063283005,1802.38951295984,1707.10949132057,1707.575,461.987398149554,556.801911109391,557.267419788821,4.21,1707.575,4.21,1707.575,4,1578.55833333333,2447.62361111111,1896.42274009151,2293.94753074867,2181.38062550036,183.246700001719
"DFG2020","Early","Torrild","176","Split",2267.91921417107,20.7678346071375,1802.5640690815,1707.75866113219,1707.575,465.355145089574,560.344214171071,560.160553038878,6.18,1707.575,6.18,1707.575,6.18,1707.575,2436.80833333333,2778.81897946364,3362.86222465454,3361.73032280788,168.889119162259
"DFG2020","Early","Torrild","220","Combined",2384.55363462683,27.541778626432,1811.13590621539,1713.04561692758,1729.76527777778,573.417728411446,654.788356849058,671.508017699253,6.31,1806.20833333333,6.28,1594.80833333333,6.28,1594.80833333333,2490.04166666666,3493.82544604702,3988.07281285166,4093.05896133589,105.488032039829
"DFG2020","Early","Torrild","220","Split",2374.76127352258,30.1877698764974,1818.39065384531,1722.30947401716,1729.76527777778,556.37061967727,644.995995744805,652.451799505421,6.81,1707.575,6.81,1707.575,6.81,1707.575,2477.84305555556,3676.45192070344,4279.89156331368,4330.66225420689,103.081782032974
"DFG2020","Late","Alves","176","Combined",2165.5453926271,21.2868472820156,1656.7454708479,1565.3039876564,1612.4125,508.799921779203,553.132892627104,600.241404970709,5.23,1545.84166666667,5.23,1545.84166666667,5.23,1545.84166666667,2285.89027777778,2541.05931323979,2772.33272858405,3018.36738749339,120.344885150673
"DFG2020","Late","Alves","176","Split",2144.25610505875,16.5390764964175,1667.7268591762,1570.95762534713,1623.1,476.529245882555,521.156105058752,573.298479711623,6.05,1545.84166666667,6.05,1545.84166666667,6.05,1545.84166666667,2358.52777777778,2797.03465808902,3063.66045208682,3376.70047244573,214.271672719025
"DFG2020","Late","Alves","220","Combined",2205.88777483336,18.667921498739,1673.29578874517,1580.69727581194,1612.4125,532.59198608819,593.475274833365,625.19049902143,5.48,1644.475,4.2,1545.84166666667,4.2,1545.84166666667,2316.10972222222,2734.38579164562,2350.34811753965,2483.23228363211,110.221947388855
"DFG2020","Late","Alves","220","Split",2183.04129645399,25.4605950118037,1663.63125836484,1572.36804444558,1612.4125,519.410038089148,570.628796453989,610.673252008406,6.28,1644.475,5.39,1545.84166666667,5.39,1545.84166666667,2275.075,3121.53462599381,2955.03199723124,3170.80038265498,92.0337035460111
"DFG2020","Late","Apertus","176","Combined",2217.68705581704,21.7488133491165,1682.59264994485,1589.79763547906,1623.1,535.094405872186,594.587055817038,627.889420337983,4.24,1545.84166666667,4.24,1545.84166666667,4.24,1545.84166666667,2365.73333333333,2196.03642324866,2447.85379941629,2588.92777404317,148.046277516292
"DFG2020","Late","Apertus","176","Split",2215.09989753117,24.0148264723852,1681.69321910779,1586.48752221644,1633.7875,533.406678423373,581.312397531167,628.61237531473,5.19,1545.84166666667,5.19,1545.84166666667,5.19,1545.84166666667,2358.52777777778,2694.99484535958,2943.38535615393,3188.75431274394,143.42788024661
"DFG2020","Late","Apertus","220","Combined",2251.7733046007,20.4027310697726,1707.38726054508,1610.1734300457,1633.7875,544.386044055621,617.985804600704,641.599874555008,5.56,1644.475,4.62,1433.075,4.62,1433.075,2434.775,2948.66333912085,2789.38688251519,2898.348421487,183.001695399296
"DFG2020","Late","Apertus","220","Split",2267.2085274588,23.5512390199382,1695.85344345955,1601.05871897257,1644.475,571.355083999257,622.733527458804,666.149808486233,5.67,1433.075,5.67,1433.075,5.67,1433.075,2365.73333333333,3091.51432073734,3382.60773552399,3628.68311033503,98.5248058745265
"DFG2020","Late","Capone","176","Combined",2262.32705956484,30.8272113024169,1692.94899581585,1595.77562812027,1644.475,569.378063748997,617.852059564843,666.551431444577,3.6,1433.075,3.6,1433.075,3.6,1433.075,2388.74722222222,2014.38578150734,2188.87699074009,2364.18858386939,126.420162657377
"DFG2020","Late","Capone","176","Split",2292.37645871971,32.2779389780545,1686.45139000553,1586.4234489212,1633.7875,605.925068714182,658.588958719713,705.953009798509,4.99,1545.84166666667,4.99,1545.84166666667,4.99,1545.84166666667,2411.76111111111,2973.26374461609,3236.04834921488,3472.39223035537,119.384652391398
"DFG2020","Late","Capone","220","Combined",2325.22189431813,36.4668188501863,1712.27009556476,1614.33643544714,1644.475,612.951798753372,680.74689431813,710.885458870987,5.57,1644.475,5.57,1644.475,4.96,1433.075,2434.775,3364.68460737048,3742.30046063885,3481.94837622884,109.55310568187
"DFG2020","Late","Capone","220","Split",2319.21923995078,32.1253181204352,1690.03733989762,1589.49759167065,1633.7875,629.181900053156,685.43173995078,729.721648280127,6.11,1644.475,5.94,1545.84166666667,5.94,1545.84166666667,2434.775,3775.79326641895,4004.85466257955,4267.93445082647,115.555760049221
"DFG2020","Late","Esket","176","Combined",2204.57068372998,27.8014738373692,1677.30957532112,1582.86087773739,1623.1,527.261108408861,581.47068372998,621.70980599259,4.76,1545.84166666667,4.76,1545.84166666667,4.76,1545.84166666667,2335.51388888889,2456.14367405757,2714.09634961998,2905.60683588326,130.943205158907
"DFG2020","Late","Esket","176","Split",2192.82487214865,20.2746111343336,1681.04056339228,1581.59355609237,1612.4125,511.784308756377,580.412372148654,611.231316056281,4.22,1644.475,4.2,1545.84166666667,4.2,1545.84166666667,2407.88472222222,2124.5530653585,2401.83333350215,2531.062904965,215.059850073566
"DFG2020","Late","Esket","220","Combined",2253.20756553557,23.5617470165744,1689.42556225089,1595.0888947904,1633.7875,563.782003284678,619.420065535571,658.118670745169,4.78,1433.075,4.78,1433.075,4.78,1433.075,2346.32916666666,2564.6838319973,2830.42552273311,3015.33221270929,93.1216011310921
"DFG2020","Late","Esket","220","Split",2294.96497984293,22.6932713188499,1692.37500873171,1595.04134002907,1644.475,602.589971111229,650.489979842935,699.923639813867,6.38,1644.475,6.38,1644.475,6.21,1560.4,2388.74722222222,3653.03702233459,3958.41530097337,4159.808200766,93.7822423792854
"DFG2020","Late","Patras","176","Combined",2182.59240402865,20.3377091488049,1687.97467889426,1597.23540828692,1623.1,494.617725134391,559.492404028648,585.356995741724,5.15,1545.84166666667,5.15,1545.84166666667,5.15,1545.84166666667,2346.32916666666,2464.76672327524,2797.63583241962,2930.56381662237,163.736762638015
"DFG2020","Late","Patras","176","Split",2154.72730053789,20.9160474888529,1670.92711239836,1579.43109439635,1590.22222222222,483.800188139537,564.505078315671,575.296206141546,5.2,1545.84166666667,5.2,1545.84166666667,5.2,1545.84166666667,2296.70555555555,2419.3979010138,2837.78157168278,2893.80459296783,141.978255017659
"DFG2020","Late","Patras","220","Combined",2231.37657725694,26.7467042789883,1688.83861765735,1596.62416011728,1612.4125,542.537959599587,618.964077256937,634.752417139658,5.63,1644.475,4.64,1545.84166666667,4.64,1545.84166666667,2346.32916666666,2964.40361627297,2797.63050684503,2870.8775617965,114.952589409726
"DFG2020","Late","Patras","220","Split",2236.99193083631,24.8658773405854,1674.62182954188,1577.22498318144,1623.1,562.370101294432,613.891930836312,659.766947654873,5.73,1433.075,5.73,1433.075,5.73,1433.075,2388.74722222222,3154.21309215841,3449.27968170176,3712.07890188581,151.755291385908
"DFG2020","Late","Pionier","176","Combined",2257.72854071313,37.0576447003353,1713.24559609351,1618.02306680243,1644.475,544.482944619628,613.253540713135,639.705473910706,4.88,1627.82916666667,4.88,1627.82916666667,4.16,1433.075,2388.74722222222,2632.57677547415,2968.17100645104,2640.28352239254,131.018681509085
"DFG2020","Late","Pionier","176","Split",2276.4071737605,30.5156120251685,1707.71215873714,1608.85006205301,1636.00277777778,568.695015023364,640.404395982724,667.557111707495,5.74,1545.84166666667,5.74,1545.84166666667,5.74,1545.84166666667,2430.89861111111,3227.6093841952,3639.18547807661,3795.03695093685,154.491437350609
"DFG2020","Late","Pionier","220","Combined",2341.75848337522,34.7046836037431,1727.70820138053,1633.06833847367,1681.08333333333,614.050281994686,660.675150041888,708.690144901544,5.91,1627.82916666667,5.91,1627.82916666667,5.91,1627.82916666667,2411.76111111111,3517.6934582121,3793.24177635613,4077.00858491415,70.002627735892
"DFG2020","Late","Pionier","220","Split",2333.8321396304,35.2945620613724,1713.21688820915,1616.60451058712,1668.88055555555,620.615251421254,664.95158407485,717.227629043283,6.51,1644.475,6.51,1644.475,5.83,1433.075,2411.76111111111,3935.12047614931,4223.74655754547,4087.32445426433,77.9289714807069
"DFG2020","Late","Potenzial","176","Combined",2225.75322786964,31.7192882285537,1695.11680860634,1603.36757928442,1612.4125,530.636419263306,613.340727869644,622.385648585229,5.02,1545.84166666667,5.02,1545.84166666667,5.02,1545.84166666667,2346.32916666666,2616.11034652333,3031.24887598718,3076.65287056271,120.575938797019
"DFG2020","Late","Potenzial","176","Split",2223.18786705727,26.894719026916,1673.26680151939,1579.51020599024,1623.1,549.921065537882,600.087867057272,643.677661067035,6.24,1545.84166666667,6.24,1545.84166666667,6.24,1545.84166666667,2316.10972222222,3302.64043081653,3615.57858258554,3887.53804289492,92.9218551649478
"DFG2020","Late","Potenzial","220","Combined",2285.05712626643,23.3408009529256,1704.40127711861,1611.99085294988,1633.7875,580.655849147816,651.269626266427,673.066273316543,6.16,1644.475,5.87,1433.075,5.87,1433.075,2369.34305555555,3385.56163984018,3640.39754822488,3768.30022040526,84.2859292891267
"DFG2020","Late","Potenzial","220","Split",2259.94415971535,26.5914354475779,1688.40534321065,1597.23951730571,1633.7875,571.538816504692,626.156659715346,662.70464240964,6.45,1545.84166666667,6.45,1545.84166666667,6.45,1545.84166666667,2296.70555555555,3428.81550095202,3780.99951886246,4016.70224182577,36.7613958402067
"DFG2020","Late","Torrild","176","Combined",2180.81221495349,28.5638891799472,1663.60781684132,1572.28388375443,1623.1,517.204398112172,557.712214953494,608.528331199069,4.43,1433.075,4.43,1433.075,4.43,1433.075,2285.89027777778,2225.52220301263,2404.91530149288,2629.99856459032,105.078062824282
"DFG2020","Late","Torrild","176","Split",2185.14199713067,26.5584555988088,1656.5039218163,1562.68518676144,1590.22222222222,528.638075314372,594.919774908447,622.456810369231,5.73,1545.84166666667,5.73,1545.84166666667,5.73,1545.84166666667,2296.70555555555,2936.64094349396,3316.28653400012,3474.04647074794,111.563558424883
"DFG2020","Late","Torrild","220","Combined",2248.87865852537,31.2143378195532,1675.46900822687,1583.52309776954,1623.1,573.409650298496,625.778658525371,665.355560755834,6.24,1627.82916666667,5.72,1545.84166666667,5.72,1545.84166666667,2316.10972222222,3440.86387278717,3453.65645259121,3680.03033159366,67.2310636968487
"DFG2020","Late","Torrild","220","Split",2248.73915342233,26.0211975557287,1669.71868586214,1572.89935451434,1612.4125,579.020467560195,636.32665342233,675.839798907992,6.52,1644.475,5.99,1545.84166666667,5.99,1545.84166666667,2369.34305555555,3669.62003829393,3714.4890995106,3951.14243826521,120.603902133223
"DFG2021","Early","Alves","176","Combined",2221.51313585882,31.7668566912829,1666.42821602818,1578.97425982122,1632.20694444444,555.084919830636,589.306191414375,642.538876037603,4.4,1566.5875,4.4,1566.5875,4.4,1566.5875,2328.00416666667,2390.41101810436,2540.97268900183,2775.18838651965,106.491030807851
"DFG2021","Early","Alves","176","Split",2191.85369616642,24.9781636271295,1658.72137311994,1573.11048316266,1619.47638888889,533.132323046484,572.377307277538,618.743213003763,4.7,1417.54166666667,4.7,1417.54166666667,4.7,1417.54166666667,2301.62361111111,2416.25641660902,2600.57621404719,2818.41510589019,109.769914944686
"DFG2021","Early","Alves","220","Combined",2244.21622653163,40.6505354251444,1668.4083548523,1580.71436938254,1644.9375,575.807871679323,599.278726531627,663.501857149088,5.24,1566.5875,5.24,1566.5875,5.24,1566.5875,2340.41805555556,2977.2954496944,3100.28218364293,3436.81083871663,96.2018290239293
"DFG2021","Early","Alves","220","Split",2234.41487065186,31.5157944674682,1665.87713738306,1571.69309293704,1632.20694444444,568.537733268804,602.207926207421,662.721777714826,5.16,1566.5875,5.16,1566.5875,5.16,1566.5875,2401.04027777778,2912.72230108653,3086.44821817293,3398.69047696705,166.625407125912
"DFG2021","Early","Apertus","176","Combined",2218.72144156351,28.0420986217106,1709.44537738505,1621.13331268242,1656.40972222222,509.27606417846,562.311719341285,597.58812888109,4.5,1566.5875,4.5,1566.5875,4.5,1566.5875,2389.35,2265.87356242699,2504.42808490475,2663.1390397704,170.628558436488
"DFG2021","Early","Apertus","176","Split",2204.50261841769,22.8317379075236,1698.7125326739,1611.15035005647,1667.88194444445,505.790085743793,536.620673973248,593.352268361221,4.47,1697.2125,4.36,1417.54166666667,4.36,1417.54166666667,2365.24583333333,2204.1894062383,2284.08333420155,2531.13968773952,160.743214915635
"DFG2021","Early","Apertus","220","Combined",2255.40713276508,28.513332778487,1705.55892889078,1612.31261482858,1667.88194444445,549.848203874296,587.525188320633,643.094517936498,5.33,1697.2125,4.96,1548.1125,4.96,1548.1125,2434.40138888889,2904.48207522602,2889.6875259669,3165.27893395966,178.994256123807
"DFG2021","Early","Apertus","220","Split",2264.71766738765,37.8407922739446,1689.34613419025,1595.64910878734,1667.88194444445,575.371533197395,596.835722943201,669.068558600304,5.23,1566.5875,5.23,1566.5875,5.23,1566.5875,2413.45416666666,2993.24411538827,3105.50047059804,3483.27646908595,148.736499279016
"DFG2021","Early","Capone","176","Combined",2290.57266644745,44.8122608625221,1696.54166807074,1605.48309321519,1679.35416666667,594.030998376717,611.218499780784,685.089573232266,4.42,1566.5875,4.42,1566.5875,4.42,1566.5875,2413.45416666666,2611.54908305884,2687.51775237571,3014.02776744175,122.88150021921
"DFG2021","Early","Capone","176","Split",2282.13451082662,44.5956991755812,1687.14965224144,1593.66318922361,1679.35416666667,594.984858585183,602.780344159951,688.471321603014,4.25,1566.5875,4.25,1566.5875,4.25,1566.5875,2413.45416666666,2518.05420497478,2551.18497667713,2915.37146844303,131.319655840043
"DFG2021","Early","Capone","220","Combined",2317.50602300129,34.322721651757,1679.07512526125,1583.63783624118,1667.88194444445,638.430897740043,649.624078556845,733.868186760114,4.96,1566.5875,4.96,1566.5875,4.96,1566.5875,2434.40138888889,3121.19191920459,3176.70931605768,3594.55763520415,116.895365887595
"DFG2021","Early","Capone","220","Split",2317.52232841773,37.1926173354759,1691.40227192225,1592.43130234541,1679.35416666667,626.120056495477,638.16816175106,725.091026072319,5.85,1679.35416666667,5.85,1679.35416666667,5.32,1548.1125,2479.45277777778,3647.66820542963,3718.14911466365,3843.71952434416,161.930449360047
"DFG2021","Early","Esket","176","Combined",2234.68601507359,35.1112456541497,1663.82206997523,1572.35565039157,1606.74583333333,570.863945098363,627.940181740261,662.330364682025,4.24,1566.5875,4.24,1566.5875,4.24,1566.5875,2365.24583333333,2395.54925911317,2637.5480566562,2783.36147856288,130.559818259739
"DFG2021","Early","Esket","176","Split",2208.84359506345,26.4714211786624,1662.83685438871,1574.25850008164,1632.20694444444,546.006740674732,576.636650619004,634.585094981812,3.97,1548.1125,3.97,1548.1125,3.97,1548.1125,2328.00416666667,2107.58399397644,2229.13246708862,2459.13841176263,119.160571603223
"DFG2021","Early","Esket","220","Combined",2240.54303312425,34.716251834872,1665.69564640995,1573.07825646977,1644.9375,574.847386714296,595.605533124245,667.464776654471,4.51,1566.5875,4.51,1566.5875,4.51,1566.5875,2376.93611111111,2567.89176976017,2661.50843694763,2985.58999481421,136.393077986865
"DFG2021","Early","Esket","220","Split",2244.05446827284,35.3037451813244,1669.7730683586,1579.22807715005,1632.20694444444,574.281399914236,611.847523828392,664.826391122781,4.95,1548.1125,4.95,1548.1125,4.95,1548.1125,2352.83194444444,2798.80114080429,2984.74969520341,3246.99304496174,108.777476171608
"DFG2021","Early","Patras","176","Combined",2205.5056163726,26.1977321719923,1660.02518312751,1571.88551728401,1606.74583333333,545.480433245096,598.759783039271,633.620099088596,4.56,1566.5875,4.56,1566.5875,4.56,1566.5875,2340.41805555556,2430.42387018099,2673.28192680915,2832.214834109,134.912439182955
"DFG2021","Early","Patras","176","Split",2179.57688876872,23.1444803571947,1660.27817664686,1572.82275591103,1606.74583333333,519.29871212186,572.831055435385,606.754132857688,4.35,1417.54166666667,4.35,1417.54166666667,4.35,1417.54166666667,2328.00416666667,2198.4141906905,2430.97956763871,2578.44465112073,148.427277897954
"DFG2021","Early","Patras","220","Combined",2250.1037169506,48.6287170743974,1658.79081901601,1571.23838190248,1606.74583333333,591.312897934587,643.357883617266,678.865335048119,5.29,1566.5875,5.29,1566.5875,5.29,1566.5875,2328.00416666667,3091.07503746837,3366.3929604533,3554.22737022362,77.900449716074
"DFG2021","Early","Patras","220","Split",2244.99910606138,37.4218445700652,1658.21973474689,1568.79336840536,1619.47638888889,586.77937131449,625.522717172492,676.205737656014,5.15,1566.5875,5.15,1566.5875,5.15,1566.5875,2352.83194444444,2982.42205325651,3181.94870339606,3442.96550571668,107.832838383065
"DFG2021","Early","Pionier","176","Combined",2250.85711404849,51.5884471452667,1683.65296287453,1596.67205179867,1656.40972222222,567.204151173962,594.447391826266,654.185062249824,4.25,1566.5875,4.25,1566.5875,4.25,1566.5875,2340.41805555556,2391.86145612175,2507.64520439944,2761.5302882783,89.5609415070676
"DFG2021","Early","Pionier","176","Split",2240.37776882471,35.7108957732159,1678.83817428567,1588.90984773703,1644.9375,561.539594539035,595.440268824708,651.467921087679,4.66,1435.45,4.66,1435.45,4.66,1435.45,2365.24583333333,2587.45711213378,2745.43049182791,3006.51692178381,124.868064508622
"DFG2021","Early","Pionier","220","Combined",2284.38598137983,40.9498942321428,1697.09322211523,1599.44590659129,1667.88194444445,587.29275926459,616.504036935379,684.940074788535,5.29,1679.35416666667,4.91,1566.5875,4.91,1566.5875,2479.45277777778,3107.37884083187,3027.59132051612,3363.61185486844,195.066796397951
"DFG2021","Early","Pionier","220","Split",2279.96803499046,48.4497905241914,1683.71818080788,1587.67548006545,1644.9375,596.249854182572,635.030534990457,692.292554925003,5.53,1679.35416666667,5.12,1566.5875,5.12,1566.5875,2437.55833333333,3295.16598720451,3249.41596075326,3542.59748379448,157.590298342874
"DFG2021","Early","Potenzial","176","Combined",2219.99301791027,28.488668104247,1670.18216770423,1582.38606918849,1606.74583333333,549.810850206039,613.247184576936,637.606948721771,4.67,1417.54166666667,4.67,1417.54166666667,4.67,1417.54166666667,2340.41805555556,2508.86532089059,2805.05874114342,2918.80961029083,120.425037645291
"DFG2021","Early","Potenzial","176","Split",2203.541770324,26.2924458789896,1660.52055987061,1572.24537836445,1606.74583333333,543.02121045339,596.795936990672,631.296391959556,4.54,1548.1125,4.54,1548.1125,4.54,1548.1125,2328.00416666667,2400.6547742478,2644.69581540389,2801.29833147332,124.462396342668
"DFG2021","Early","Potenzial","220","Combined",2237.08674647413,31.5233399216346,1670.73643142483,1584.68572184983,1619.47638888889,566.350315049307,617.610357585248,652.401024624306,4.88,1566.5875,4.88,1566.5875,4.88,1566.5875,2328.00416666667,2688.42501806204,2938.55792267556,3108.33173040146,90.9174201925352
"DFG2021","Early","Potenzial","220","Split",2236.8464146016,30.9804898080178,1661.4109981172,1571.37105037422,1619.47638888889,575.435416484403,617.370025712717,665.475364227379,5.09,1548.1125,5.09,1548.1125,5.09,1548.1125,2352.83194444444,2872.64438936293,3086.07683113596,3330.92580386672,115.985529842839
"DFG2021","Early","Torrild","176","Combined",2217.57006077524,32.7296411596992,1653.51514095284,1565.76088013378,1606.74583333333,564.054919822399,610.824227441907,651.809180641455,4.6,1566.5875,4.6,1566.5875,4.52,1435.45,2328.00416666667,2547.65684770137,2762.78625340074,2899.98648998741,110.434105891433
"DFG2021","Early","Torrild","176","Split",2198.9506227365,27.7826381699298,1660.43524095387,1573.24378348766,1606.74583333333,538.515381782632,592.204789403167,625.706839248837,4.54,1548.1125,4.54,1548.1125,4.54,1548.1125,2328.00416666667,2392.53703292139,2636.22158838151,2788.30202844671,129.053543930173
"DFG2021","Early","Torrild","220","Combined",2253.49155567319,42.5133894251678,1650.3685108433,1562.88885210389,1606.74583333333,603.123044829896,646.745722339863,690.602703569302,4.87,1566.5875,4.87,1566.5875,4.72,1548.1125,2314.81388888889,2871.81441485028,3084.25662876412,3196.26387346382,61.3223332156972
"DFG2021","Early","Torrild","220","Split",2256.81764643932,43.362285917851,1660.38296330719,1572.31420799836,1630.94861111111,596.434683132126,625.869035328207,684.503438440953,4.95,1566.5875,4.95,1566.5875,4.95,1566.5875,2328.00416666667,2899.1514005875,3044.85127537549,3335.09145905946,71.186520227353
"DFG2021","Late","Alves","176","Combined",2053.29189870878,27.3082260764934,1504.47063804456,1420.84186139363,1472.07916666667,548.821260664227,581.212732042114,632.450037315153,4.88,1393.72916666667,4.88,1393.72916666667,4.88,1393.72916666667,2155.14583333333,2605.75234660502,2763.79828615163,3013.81816600151,101.853934624546
"DFG2021","Late","Alves","176","Split",2063.88748798573,28.7659383660031,1505.43171885805,1421.87718063374,1472.07916666667,558.455769127675,591.808321319057,642.010307351984,5.12,1393.72916666667,5.12,1393.72916666667,5.12,1393.72916666667,2155.14583333333,2779.53130420418,2950.28195778405,3207.3063357509,91.2583453476027
"DFG2021","Late","Alves","220","Combined",2079.39987526674,33.0781401857951,1515.86168059705,1432.58870168361,1483.55138888889,563.53819466969,595.848486377854,646.811173583138,5.38,1506.49583333333,5.13,1375.25416666667,5.13,1375.25416666667,2167.55972222222,2966.47702620124,2994.37796150628,3255.8143529829,88.1598469554756
"DFG2021","Late","Alves","220","Split",2085.82726998018,33.6690794560728,1504.47340548483,1419.82154887384,1472.07916666667,581.353864495348,613.748103313512,666.005721106345,5.4,1375.25416666667,5.4,1375.25416666667,5.4,1375.25416666667,2167.55972222222,3068.71058613816,3243.63740310602,3525.82722519127,81.7324522420381
"DFG2021","Late","Apertus","176","Combined",2071.21418660429,29.7518033836565,1543.16849212178,1453.27123371349,1495.02361111111,528.04569448251,576.190575493183,617.942952890808,4.5,1524.35416666667,4.07,1244.68333333333,4.07,1244.68333333333,2282.49027777778,2374.25068515268,2343.30747498677,2513.23259203064,211.276091173487
"DFG2021","Late","Apertus","176","Split",2058.8877457156,26.062516752785,1524.02399603592,1440.67033400149,1495.02361111111,534.863749679687,563.864134604493,618.217411714108,4.63,1375.25416666667,4.63,1375.25416666667,4.63,1375.25416666667,2179.97361111111,2417.58244697126,2551.81262258073,2803.42967134618,121.085865395507
"DFG2021","Late","Apertus","220","Combined",2111.92228507375,29.2112339631896,1532.30077096113,1442.77731597456,1495.02361111111,579.621514112629,616.898673962644,669.144969099197,5.35,1524.35416666667,4.92,1393.72916666667,4.92,1393.72916666667,2261.54305555556,3068.28371931308,3005.06648320782,3262.11161028758,149.620770481803
"DFG2021","Late","Apertus","220","Split",2096.3489580825,27.6672606083069,1535.70425697923,1443.40342043445,1483.55138888889,560.644701103269,612.79756919361,652.945537648048,5.58,1506.49583333333,5.2,1375.25416666667,5.2,1375.25416666667,2306.59444444445,3120.47485454167,3179.13240853149,3387.89157856933,210.245486361947
"DFG2021","Late","Capone","176","Combined",2116.00169284301,36.4217365128241,1514.28557739613,1423.17374748534,1506.49583333333,601.716115446881,609.50585950968,692.827945357674,4.29,1244.68333333333,4.29,1244.68333333333,4.29,1244.68333333333,2261.54305555556,2569.34353773895,2602.76138435644,2960.21248930354,145.541362712547
"DFG2021","Late","Capone","176","Split",2117.88499785804,43.5720792486754,1521.25994699733,1429.24402502244,1506.49583333333,596.625050860704,611.389164524707,688.640972835593,4.64,1375.25416666667,4.64,1375.25416666667,4.64,1375.25416666667,2282.49027777778,2767.49881838208,2836.00427519136,3194.45261494771,164.605279919743
"DFG2021","Late","Capone","220","Combined",2138.48103621069,32.7653992182743,1520.4963595896,1425.49924995324,1506.49583333333,617.984676621094,631.985202877363,712.981786257452,5.35,1506.49583333333,5.35,1506.49583333333,4.65,1393.72916666667,2327.54166666667,3300.06690327985,3374.96881291243,3310.01640446827,189.060630455977
"DFG2021","Late","Capone","220","Split",2160.03816561808,33.7762033727251,1514.45539367598,1419.78014187063,1506.49583333333,645.582771942105,653.542332284754,740.258023747454,5.34,1506.49583333333,5.34,1506.49583333333,5.23,1393.72916666667,2306.59444444445,3425.18391276639,3467.68772398199,3849.77799747922,146.556278826362
"DFG2021","Late","Esket","176","Combined",2059.10927854313,31.5818759632317,1521.90516106468,1437.46353357291,1506.49583333333,537.204117478456,552.613445209805,621.645744970224,4.29,1262.59166666667,4.29,1262.59166666667,4.29,1262.59166666667,2179.97361111111,2272.42639499719,2338.52837480471,2634.66890129392,120.864332567975
"DFG2021","Late","Esket","176","Split",2048.90191340591,27.0727858445279,1520.0490117654,1434.7342732048,1506.49583333333,528.852901640508,542.406080072578,614.167640201111,4.88,1244.68333333333,4.88,1244.68333333333,4.88,1244.68333333333,2192.3875,2542.36327824808,2608.48465568986,2958.63374589549,143.485586594092
"DFG2021","Late","Esket","220","Combined",2079.79525984624,31.3568730951703,1517.36702056185,1424.91285204007,1472.07916666667,562.428239284395,607.716093179571,654.882407806169,4.69,1393.72916666667,4.69,1393.72916666667,4.69,1393.72916666667,2285.64722222222,2636.28019599332,2848.67324209598,3069.88052623999,205.851962375983
"DFG2021","Late","Esket","220","Split",2086.5238138772,32.4009874042609,1507.51661225949,1419.81924770055,1483.55138888889,579.007201617717,602.972424988314,666.704566176653,5.51,1506.49583333333,5.21,1393.72916666667,5.21,1393.72916666667,2204.07777777778,3147.7932092229,3101.26322228059,3433.30485170306,117.553963900573
"DFG2021","Late","Patras","176","Combined",2028.29833980644,26.0884405778383,1500.45146371259,1416.4939320553,1470.82083333333,527.846876093844,557.477506473103,611.804407751138,4.66,1393.72916666667,4.66,1393.72916666667,4.66,1393.72916666667,2167.55972222222,2417.07717602082,2555.11451076999,2808.24092801652,139.261382415784
"DFG2021","Late","Patras","176","Split",2032.99535114184,24.8890824711324,1502.39013273174,1419.76159469502,1472.07916666667,530.6052184101,560.916184475173,613.233756446819,5.07,1393.72916666667,5.07,1393.72916666667,5.07,1393.72916666667,2155.14583333333,2621.34672999195,2774.95846243212,3040.15177881701,122.150482191487
"DFG2021","Late","Patras","220","Combined",2078.96742080391,33.8594779330755,1496.16158692712,1411.3279211459,1483.55138888889,582.805833876797,595.416031915025,667.639499658019,5.07,1375.25416666667,5.07,1375.25416666667,5.07,1375.25416666667,2167.55972222222,2896.98288140344,2960.9157771309,3327.08681679553,88.5923014183054
"DFG2021","Late","Patras","220","Split",2087.88044227489,37.0614616830668,1499.74572832392,1412.95008947773,1495.02361111111,588.134713950972,592.856831163783,674.930352797165,5.29,1375.25416666667,5.29,1375.25416666667,5.29,1375.25416666667,2192.3875,3075.6821350438,3100.66202364117,3534.83018079951,104.507057725106
"DFG2021","Late","Pionier","176","Combined",2093.7710180574,50.9321117230448,1530.51837769576,1444.36351324866,1506.49583333333,563.252640361638,587.27518472407,649.407504808741,4.7,1393.72916666667,4.7,1393.72916666667,4.7,1393.72916666667,2216.49166666667,2642.3635942844,2755.2695436992,3047.29144176333,122.720648609266
"DFG2021","Late","Pionier","176","Split",2101.71698835691,45.2479729353769,1534.70777273595,1446.24416726486,1506.49583333333,567.009215620951,595.221155023575,655.472821092041,4.95,1524.35416666667,4.55,1375.25416666667,4.55,1375.25416666667,2249.12916666667,2803.60876646688,2705.4187893387,2979.56383394012,147.412178309761
"DFG2021","Late","Pionier","220","Combined",2146.30975590205,37.7817043681918,1536.1439364054,1443.76127359569,1495.02361111111,610.165819496652,651.286144790939,702.548482306358,5.12,1524.35416666667,4.97,1375.25416666667,4.97,1375.25416666667,2306.59444444445,3116.25325317315,3229.32437150972,3484.09802333766,160.284688542397
"DFG2021","Late","Pionier","220","Split",2137.83663810528,38.2471012176538,1523.53635294217,1429.82793442774,1483.55138888889,614.300285163105,654.285249216387,708.008703677541,5.72,1506.49583333333,5.49,1393.72916666667,5.49,1393.72916666667,2306.59444444445,3508.68905434247,3587.12253027035,3882.06415976988,168.757806339169
"DFG2021","Late","Potenzial","176","Combined",2046.4285427966,28.0250232762615,1508.15318954337,1425.35771287384,1459.34861111111,538.275353253228,587.079931685487,621.070829922765,4.15,1262.59166666667,4.15,1262.59166666667,4.15,1262.59166666667,2155.14583333333,2181.8627852423,2384.37620773235,2525.43050558505,108.71729053673
"DFG2021","Late","Potenzial","176","Split",2064.21255901037,31.7123988986247,1505.56144456979,1419.16064719729,1483.55138888889,558.651114440577,580.661170121475,645.051911813078,4.83,1375.25416666667,4.83,1375.25416666667,4.83,1375.25416666667,2192.3875,2666.97475163456,2773.27949272203,3084.28203872809,128.174940989635
"DFG2021","Late","Potenzial","220","Combined",2086.97917399994,34.6846692063062,1510.15996385416,1424.29855909832,1472.07916666667,576.819210145786,614.900007333271,662.680614901619,5.5,1506.49583333333,4.84,1375.25416666667,4.84,1375.25416666667,2192.3875,3128.57980668608,2937.45964743689,3168.71702501491,105.408326000058
"DFG2021","Late","Potenzial","220","Split",2086.588982293,32.5245400730145,1509.17513995491,1421.76342037256,1483.55138888889,577.41384233809,603.037593404107,664.825561920438,5.73,1506.49583333333,5.2,1393.72916666667,5.2,1393.72916666667,2204.07777777778,3264.78577903677,3096.04813082435,3417.34290878637,117.48879548478
"DFG2021","Late","Torrild","176","Combined",2080.98353556813,37.3163517338082,1506.7632242454,1421.29996437148,1483.55138888889,574.220311322738,597.432146679243,659.683571196654,4.03,1375.25416666667,4.03,1375.25416666667,4.03,1375.25416666667,2179.97361111111,2284.64872653331,2378.19200720117,2629.06483525774,98.9900755429762
"DFG2021","Late","Torrild","176","Split",2075.30871472797,34.3516247065255,1502.74240540501,1415.60442131063,1495.02361111111,572.566309322962,580.285103616863,659.704293417343,4.6,1375.25416666667,4.6,1375.25416666667,4.6,1375.25416666667,2191.66388888889,2603.91033701206,2639.41629365169,3004.74243882576,116.355174160913
"DFG2021","Late","Torrild","220","Combined",2098.73528386317,53.3722959763684,1511.51777259915,1425.26638379442,1482.29305555555,587.217511264012,616.442228307612,673.468900068747,5.59,1506.49583333333,5,1375.25416666667,5,1375.25416666667,2192.3875,3267.5871162455,3068.83120036826,3353.96455812812,93.6522161368348
"DFG2021","Late","Torrild","220","Split",2089.44958956465,46.1539842181787,1505.22334497612,1419.60603100437,1483.55138888889,584.226244588531,605.898200675762,669.843558560284,5.1,1393.72916666667,5.1,1393.72916666667,5.1,1393.72916666667,2179.97361111111,2955.23943965555,3065.76639418294,3391.88770021628,90.5240215464573
