"Genotype","value","SI_name","SI_value","Trait"
NA,0.500860650983651,"Genotypic superiority measure",0.0141595589451435,"HI"
NA,0.500860650983651,"Ecovalence",0.0681482298969623,"HI"
NA,0.484925071712799,"Genotypic superiority measure",0.0246395802695812,"HI"
NA,0.484925071712799,"Ecovalence",0.0737153125874693,"HI"
NA,0.470784681993341,"Genotypic superiority measure",0.034972287549942,"HI"
NA,0.470784681993341,"Ecovalence",0.0820553082954784,"HI"
NA,0.474984807849481,"Genotypic superiority measure",0.0331410342895961,"HI"
NA,0.474984807849481,"Ecovalence",0.0886828028239105,"HI"
NA,0.497435122604781,"Genotypic superiority measure",0.013624343472374,"HI"
NA,0.497435122604781,"Ecovalence",0.0690262473698911,"HI"
NA,0.488738989496811,"Genotypic superiority measure",0.0205024467587106,"HI"
NA,0.488738989496811,"Ecovalence",0.0689438472474876,"HI"
NA,0.48530758180843,"Genotypic superiority measure",0.0247742348289162,"HI"
NA,0.48530758180843,"Ecovalence",0.10406804226712,"HI"
NA,0.473766780043283,"Genotypic superiority measure",0.0342798167498014,"HI"
NA,0.473766780043283,"Ecovalence",0.094676928281019,"HI"
NA,6.34583333333333,"Genotypic superiority measure",0.0131761569173669,"grain_length"
NA,6.34583333333333,"Ecovalence",0.1149992451666,"grain_length"
NA,6.29583333333333,"Genotypic superiority measure",0.0496515636992208,"grain_length"
NA,6.29583333333333,"Ecovalence",0.113785098370179,"grain_length"
NA,6.28958333333333,"Genotypic superiority measure",0.05464532103585,"grain_length"
NA,6.28958333333333,"Ecovalence",0.126912453420982,"grain_length"
NA,6.29166666666667,"Genotypic superiority measure",0.0562114065134671,"grain_length"
NA,6.29166666666667,"Ecovalence",0.127322179921649,"grain_length"
NA,6.31875,"Genotypic superiority measure",0.0311804782231163,"grain_length"
NA,6.31875,"Ecovalence",0.108952557208277,"grain_length"
NA,6.25833333333333,"Genotypic superiority measure",0.0738335214444567,"grain_length"
NA,6.25833333333333,"Ecovalence",0.128408392551959,"grain_length"
NA,6.2625,"Genotypic superiority measure",0.0714434508311755,"grain_length"
NA,6.2625,"Ecovalence",0.108793094909553,"grain_length"
NA,6.24166666666667,"Genotypic superiority measure",0.0855943274340587,"grain_length"
NA,6.24166666666667,"Ecovalence",0.100497892459936,"grain_length"
NA,3.55833333333333,"Genotypic superiority measure",0.0117851130197746,"grain_width"
NA,3.55833333333333,"Ecovalence",0.113608542995967,"grain_width"
NA,3.51666666666667,"Genotypic superiority measure",0.0448763733927872,"grain_width"
NA,3.51666666666667,"Ecovalence",0.128792300224905,"grain_width"
NA,3.4875,"Genotypic superiority measure",0.0618016540591301,"grain_width"
NA,3.4875,"Ecovalence",0.0851303636750356,"grain_width"
NA,3.49791666666667,"Genotypic superiority measure",0.0549621081594703,"grain_width"
NA,3.49791666666667,"Ecovalence",0.0917080872327458,"grain_width"
NA,3.53125,"Genotypic superiority measure",0.0328083661417167,"grain_width"
NA,3.53125,"Ecovalence",0.0946885886442709,"grain_width"
NA,3.49166666666667,"Genotypic superiority measure",0.0606675824106711,"grain_width"
NA,3.49166666666667,"Ecovalence",0.134850579603662,"grain_width"
NA,3.48541666666667,"Genotypic superiority measure",0.0631906287004289,"grain_width"
NA,3.48541666666667,"Ecovalence",0.10158787076276,"grain_width"
NA,3.45416666666667,"Genotypic superiority measure",0.0833333333333329,"grain_width"
NA,3.45416666666667,"Ecovalence",0.085130363675039,"grain_width"
NA,2.04696873976516,"Genotypic superiority measure",1.82816319772489,"mobile61_DM"
NA,2.04696873976516,"Ecovalence",4.01936653690332,"mobile61_DM"
NA,1.27984374360078,"Genotypic superiority measure",2.19121897591799,"mobile61_DM"
NA,1.27984374360078,"Ecovalence",4.56823886999609,"mobile61_DM"
NA,2.08831248955844,"Genotypic superiority measure",1.64960302638638,"mobile61_DM"
NA,2.08831248955844,"Ecovalence",4.01784791764823,"mobile61_DM"
NA,2.40187498799063,"Genotypic superiority measure",1.48075311601013,"mobile61_DM"
NA,2.40187498799063,"Ecovalence",4.73492652876853,"mobile61_DM"
NA,2.02178123989109,"Genotypic superiority measure",1.80689279397364,"mobile61_DM"
NA,2.02178123989109,"Ecovalence",6.78158953737114,"mobile61_DM"
NA,2.34403123827984,"Genotypic superiority measure",1.47232061254851,"mobile61_DM"
NA,2.34403123827984,"Ecovalence",4.55298994134449,"mobile61_DM"
NA,2.68165623659172,"Genotypic superiority measure",1.43667908722583,"mobile61_DM"
NA,2.68165623659172,"Ecovalence",5.22469479637872,"mobile61_DM"
NA,1.18890624405547,"Genotypic superiority measure",2.26843197911127,"mobile61_DM"
NA,1.18890624405547,"Ecovalence",4.08211248272813,"mobile61_DM"
NA,0.225500712060325,"Genotypic superiority measure",0.185289042869476,"mobile61_DM_rel"
NA,0.225500712060325,"Ecovalence",0.473906653379626,"mobile61_DM_rel"
NA,0.124901538294172,"Genotypic superiority measure",0.244370892430117,"mobile61_DM_rel"
NA,0.124901538294172,"Ecovalence",0.484642611429256,"mobile61_DM_rel"
NA,0.19096445970287,"Genotypic superiority measure",0.194253037372273,"mobile61_DM_rel"
NA,0.19096445970287,"Ecovalence",0.342704456463648,"mobile61_DM_rel"
NA,0.24201826870893,"Genotypic superiority measure",0.165610088318301,"mobile61_DM_rel"
NA,0.24201826870893,"Ecovalence",0.586649004181601,"mobile61_DM_rel"
NA,0.212857603920667,"Genotypic superiority measure",0.183955398753682,"mobile61_DM_rel"
NA,0.212857603920667,"Ecovalence",0.674936241134888,"mobile61_DM_rel"
NA,0.225509240664241,"Genotypic superiority measure",0.178302785249191,"mobile61_DM_rel"
NA,0.225509240664241,"Ecovalence",0.443624029485776,"mobile61_DM_rel"
NA,0.234178899426121,"Genotypic superiority measure",0.185443885591045,"mobile61_DM_rel"
NA,0.234178899426121,"Ecovalence",0.538110976478751,"mobile61_DM_rel"
NA,0.10896369304952,"Genotypic superiority measure",0.244425163117326,"mobile61_DM_rel"
NA,0.10896369304952,"Ecovalence",0.341537065189255,"mobile61_DM_rel"
NA,161.824832441268,"Genotypic superiority measure",26.6557092086433,"plot_grain_number"
NA,161.824832441268,"Ecovalence",34.6413838056127,"plot_grain_number"
NA,160.777650641807,"Genotypic superiority measure",27.0291062830057,"plot_grain_number"
NA,160.777650641807,"Ecovalence",30.6221156911564,"plot_grain_number"
NA,187.338360260438,"Genotypic superiority measure",7.43378667176125,"plot_grain_number"
NA,187.338360260438,"Ecovalence",19.7844990668658,"plot_grain_number"
NA,176.05774114516,"Genotypic superiority measure",16.2133805695235,"plot_grain_number"
NA,176.05774114516,"Ecovalence",19.8876519893329,"plot_grain_number"
NA,167.701029274003,"Genotypic superiority measure",20.76164639076,"plot_grain_number"
NA,167.701029274003,"Ecovalence",16.8538733056025,"plot_grain_number"
NA,169.458314555523,"Genotypic superiority measure",19.9883387873049,"plot_grain_number"
NA,169.458314555523,"Ecovalence",17.1398577948665,"plot_grain_number"
NA,193.959337788375,"Genotypic superiority measure",2.30658134945754,"plot_grain_number"
NA,193.959337788375,"Ecovalence",39.554662909008,"plot_grain_number"
NA,184.454325065532,"Genotypic superiority measure",9.46616830947198,"plot_grain_number"
NA,184.454325065532,"Ecovalence",26.7957921982196,"plot_grain_number"
NA,36.5651433616965,"Genotypic superiority measure",5.09231230157519,"plot_grain_per_spike"
NA,36.5651433616965,"Ecovalence",13.8756156252084,"plot_grain_per_spike"
NA,34.577530374729,"Genotypic superiority measure",5.78285092786527,"plot_grain_per_spike"
NA,34.577530374729,"Ecovalence",14.4413800641987,"plot_grain_per_spike"
NA,37.0584590694661,"Genotypic superiority measure",4.5199009177105,"plot_grain_per_spike"
NA,37.0584590694661,"Ecovalence",15.9691180224725,"plot_grain_per_spike"
NA,36.1521355905053,"Genotypic superiority measure",5.16832810121472,"plot_grain_per_spike"
NA,36.1521355905053,"Ecovalence",20.6409316034596,"plot_grain_per_spike"
NA,35.1221495217126,"Genotypic superiority measure",6.43804413453805,"plot_grain_per_spike"
NA,35.1221495217126,"Ecovalence",17.031263147875,"plot_grain_per_spike"
NA,33.4831236116319,"Genotypic superiority measure",6.48114766407726,"plot_grain_per_spike"
NA,33.4831236116319,"Ecovalence",14.1259050888864,"plot_grain_per_spike"
NA,33.461753436508,"Genotypic superiority measure",7.04307549307534,"plot_grain_per_spike"
NA,33.461753436508,"Ecovalence",15.2329617860472,"plot_grain_per_spike"
NA,33.3341247517548,"Genotypic superiority measure",6.75087534788498,"plot_grain_per_spike"
NA,33.3341247517548,"Ecovalence",10.9835202616285,"plot_grain_per_spike"
NA,41.1904166666667,"Genotypic superiority measure",0.300509405473073,"plot_tkw"
NA,41.1904166666667,"Ecovalence",2.82688166922291,"plot_tkw"
NA,40.3291666666667,"Genotypic superiority measure",0.849006159184572,"plot_tkw"
NA,40.3291666666667,"Ecovalence",2.98157337046312,"plot_tkw"
NA,39.8216666666667,"Genotypic superiority measure",1.20001200804179,"plot_tkw"
NA,39.8216666666667,"Ecovalence",1.54690413482668,"plot_tkw"
NA,39.8266666666667,"Genotypic superiority measure",1.25689307752624,"plot_tkw"
NA,39.8266666666667,"Ecovalence",2.25122680433712,"plot_tkw"
NA,40.2660416666667,"Genotypic superiority measure",0.856241788281798,"plot_tkw"
NA,40.2660416666667,"Ecovalence",1.81118651820639,"plot_tkw"
NA,39.3814583333333,"Genotypic superiority measure",1.5184360100665,"plot_tkw"
NA,39.3814583333333,"Ecovalence",2.52162530388185,"plot_tkw"
NA,39.553125,"Genotypic superiority measure",1.42839361988681,"plot_tkw"
NA,39.553125,"Ecovalence",2.02019691170586,"plot_tkw"
NA,38.8925,"Genotypic superiority measure",1.88137296571177,"plot_tkw"
NA,38.8925,"Ecovalence",2.5360395166719,"plot_tkw"
NA,6.61369500277267,"Genotypic superiority measure",0.89635187283915,"plot_yield"
NA,6.61369500277267,"Ecovalence",1.31990654589698,"plot_yield"
NA,6.43190592118566,"Genotypic superiority measure",0.989228898098112,"plot_yield"
NA,6.43190592118566,"Ecovalence",1.04722671465988,"plot_yield"
NA,7.43363057544424,"Genotypic superiority measure",0.25662183741958,"plot_yield"
NA,7.43363057544424,"Ecovalence",0.7911065853781,"plot_yield"
NA,6.95767305038297,"Genotypic superiority measure",0.637540339740029,"plot_yield"
NA,6.95767305038297,"Ecovalence",0.755635434000346,"plot_yield"
NA,6.72400351495098,"Genotypic superiority measure",0.739034720922201,"plot_yield"
NA,6.72400351495098,"Ecovalence",0.577000479173397,"plot_yield"
NA,6.62161414456189,"Genotypic superiority measure",0.815402649113295,"plot_yield"
NA,6.62161414456189,"Ecovalence",0.416437991609738,"plot_yield"
NA,7.6621912819087,"Genotypic superiority measure",0.0541898160764172,"plot_yield"
NA,7.6621912819087,"Ecovalence",1.57045282442035,"plot_yield"
NA,7.14311923523284,"Genotypic superiority measure",0.454082020251432,"plot_yield"
NA,7.14311923523284,"Ecovalence",0.863705570904565,"plot_yield"
NA,5.62521872187391,"Genotypic superiority measure",3.26022791740035,"post61_DM"
NA,5.62521872187391,"Ecovalence",7.51921195983132,"post61_DM"
NA,7.27187496364063,"Genotypic superiority measure",2.41636320629513,"post61_DM"
NA,7.27187496364063,"Ecovalence",9.63288374109683,"post61_DM"
NA,6.48943746755281,"Genotypic superiority measure",2.5915321110956,"post61_DM"
NA,6.48943746755281,"Ecovalence",6.87921955108194,"post61_DM"
NA,5.64468747177656,"Genotypic superiority measure",3.28223851563519,"post61_DM"
NA,5.64468747177656,"Ecovalence",8.67540384197464,"post61_DM"
NA,6.38990621805047,"Genotypic superiority measure",3.11587163338382,"post61_DM"
NA,6.38990621805047,"Ecovalence",11.1670294965209,"post61_DM"
NA,6.12587496937063,"Genotypic superiority measure",3.14202559486341,"post61_DM"
NA,6.12587496937063,"Ecovalence",8.47132671160653,"post61_DM"
NA,6.71628121641859,"Genotypic superiority measure",2.69108730019448,"post61_DM"
NA,6.71628121641859,"Ecovalence",8.61731027946006,"post61_DM"
NA,7.92374996038125,"Genotypic superiority measure",1.81374190166446,"post61_DM"
NA,7.92374996038125,"Ecovalence",6.21674654725506,"post61_DM"
NA,4.55312497723437,"Genotypic superiority measure",1.33331705052574,"spike_number_87"
NA,4.55312497723437,"Ecovalence",1.77604501799832,"spike_number_87"
NA,5.16874997415625,"Genotypic superiority measure",0.98464777474216,"spike_number_87"
NA,5.16874997415625,"Ecovalence",2.18144697160231,"spike_number_87"
NA,5.44999997275,"Genotypic superiority measure",0.785314423548181,"spike_number_87"
NA,5.44999997275,"Ecovalence",2.27780560751264,"spike_number_87"
NA,5.199999974,"Genotypic superiority measure",0.911386302120978,"spike_number_87"
NA,5.199999974,"Ecovalence",2.25851685548083,"spike_number_87"
NA,4.95312497523437,"Genotypic superiority measure",1.13952429198102,"spike_number_87"
NA,4.95312497523437,"Ecovalence",2.2708667697449,"spike_number_87"
NA,5.37187497314063,"Genotypic superiority measure",0.888687581269337,"spike_number_87"
NA,5.37187497314063,"Ecovalence",2.19138047574549,"spike_number_87"
NA,5.96874997015625,"Genotypic superiority measure",0.39051248184277,"spike_number_87"
NA,5.96874997015625,"Ecovalence",1.97103041545543,"spike_number_87"
NA,5.97187497014063,"Genotypic superiority measure",0.443089294653706,"spike_number_87"
NA,5.97187497014063,"Ecovalence",1.86269922499676,"spike_number_87"
